qid,question,answer,short_answer,tokens_total,llm_calls,latency_sec,steps,tools_used,stop_reason,changed_strategy,citations
eval-001,Who won the gold medal in the event held at Olympic Tennis Centre on 15 to 22 August 2004?,Li Ting and Sun Tiantian won the gold medal in the Women's doubles tennis event at the 2004 Summer Olympics [Q942805].,Li Ting and Sun Tiantian,2984,2,7.99,2,query_events,answer_found,False,Q942805
eval-002,How many nations competed in Fencing at the 1988 Summer Olympics – Men's foil?,29 nations competed in Fencing at the 1988 Summer Olympics – Men's foil [Q5443136].,29,2954,2,13.53,2,query_events,answer_found,False,Q5443136
eval-003,"According to the provided corpus, how many cycling events at the 2008 Summer Olympics had more than 30 competitors?","According to the provided corpus, there were 8 cycling events at the 2008 Summer Olympics that had more than 30 competitors [Q1063589], [Q1064728], [Q938833], [Q1005322], [Q727488], [Q1005614], [Q1064381].",8,3843,2,12.54,2,query_events,answer_found,False,Q1005322 Q1005614 Q1063589 Q1064381 Q1064728 Q1077323 Q1202770 Q1203058 Q577260 Q727488 Q938805 Q938833
eval-004,Who won the gold medal in the event held at Sydney International Shooting Centre on 22 September 2000?,Mariya Grozdeva won the gold medal [Q7500817].,Mariya Grozdeva,2949,2,13.23,2,query_events,answer_found,False,Q7500817
eval-005,"According to the provided corpus, which sailing event at the 2016 Summer Olympics had the highest number of competitors?","According to the provided corpus, the sailing event at the 2016 Summer Olympics with the highest number of competitors is Sailing at the 2016 Summer Olympics – Men's 470 [Q26263261], which had 52 competitors.",Sailing at the 2016 Summer Olympics – Men's 470,3634,2,13.0,2,query_events,answer_found,False,Q26241858 Q26242954 Q26250761 Q26254891 Q26262259 Q26262261 Q26262262 Q26262295 Q26263261 Q26265754
eval-006,"According to the provided corpus, how many cross-country skiing events at the 2010 Winter Olympics had more than 62 competitors?","According to the provided corpus, there were 4 cross-country skiing events at the 2010 Winter Olympics with more than 62 competitors: Cross-country skiing at the 2010 Winter Olympics – Men's 15 kilometre freestyle [Q384953], Cross-country skiing at the 2010 Winter Olympics – Women's 10 kilometre freestyle [Q595962], Cross-country skiing at the 2010 Winter Olympics – Women's 15 kilometre pursuit [Q220386], and Cross-country skiing at the 2010 Winter Olympics – Men's 30 kilometre pursuit [Q848689].",4,3823,2,14.94,2,query_events,answer_found,False,Q220386 Q384953 Q571263 Q595962 Q843851 Q848655 Q848689 Q916711 Q916724 Q916916
eval-007,Who won the gold medal in the men's heavyweight boxing event at the Summer Olympics held immediately before 2016?,Oleksandr Usyk won the gold medal in the men's heavyweight boxing event at the 2012 Summer Olympics [Q326384].,Oleksandr Usyk,2985,2,11.29,2,query_events,answer_found,False,Q326384
eval-008,"According to the provided corpus, how many sailing events at the 1996 Summer Olympics had more than 46 competitors?","According to the corpus, 4 sailing events at the 1996 Summer Olympics had more than 46 competitors: Sailing at the 1996 Summer Olympics – Men's 470 (72 competitors) [Q7400319], Sailing at the 1996 Summer Olympics – Soling (66 competitors) [Q7400322], Sailing at the 1996 Summer Olympics – Laser (56 competitors) [Q7400318], and Sailing at the 1996 Summer Olympics – Star (50 competitors) [Q7400323].",4,3790,2,12.66,2,query_events,answer_found,False,Q7400316 Q7400317 Q7400318 Q7400319 Q7400320 Q7400321 Q7400322 Q7400323 Q7400324 Q7400325
eval-009,"According to the provided corpus, which sailing event at the 2004 Summer Olympics had the highest number of competitors?","According to the corpus, the sailing event at the 2004 Summer Olympics with the highest number of competitors was Sailing at the 2004 Summer Olympics – Men's 470 [Q7400344], which had 54 competitors.",Sailing at the 2004 Summer Olympics – Men's 470,3908,2,14.32,2,query_events,answer_found,False,Q10609400 Q7400339 Q7400340 Q7400341 Q7400342 Q7400344 Q7400345 Q7400346 Q7400347 Q7400349 Q7400350
eval-010,How many nations competed in Boxing at the 1996 Summer Olympics – Flyweight?,"According to the infobox of the event [Q10497009_c0], 32 nations competed in Boxing at the 1996 Summer Olympics – Flyweight.",32,5426,4,33.8,3,query_events | search_chunks,answer_found,True,Q10497009 Q10572465 Q4951834 Q4951836
eval-011,"According to the provided corpus, how many weightlifting events at the 1992 Summer Olympics had more than 24 competitors?","According to the corpus, 4 weightlifting events at the 1992 Summer Olympics had more than 24 competitors: Weightlifting at the 1992 Summer Olympics – Men's 75 kg (34 competitors) [Q7979975], Weightlifting at the 1992 Summer Olympics – Men's 82.5 kg (31 competitors) [Q7979977], Weightlifting at the 1992 Summer Olympics – Men's 60 kg (31 competitors) [Q7979973], and Weightlifting at the 1992 Summer Olympics – Men's 100 kg (25 competitors) [Q7979968].",4,4013,2,14.25,2,query_events,answer_found,False,Q7979967 Q7979968 Q7979969 Q7979971 Q7979972 Q7979973 Q7979974 Q7979975 Q7979977 Q7979978
eval-012,How many nations competed in Swimming at the 2016 Summer Olympics – Men's 100 metre butterfly?,32 nations competed in the Swimming at the 2016 Summer Olympics – Men's 100 metre butterfly [Q25991452].,32,2973,2,11.01,2,query_events,answer_found,False,Q25991452
eval-013,"According to the provided corpus, how many cycling events at the 2016 Summer Olympics had more than 27 competitors?","According to the provided corpus, there were 6 cycling events at the 2016 Summer Olympics that had more than 27 competitors.",6,3793,2,14.25,2,query_events,answer_found,False,Q24906792 Q25476541 Q25476761 Q25476835 Q25476845 Q26259596 Q26260943 Q26262252 Q26262523 Q26263572 Q26265815 Q26291516
eval-014,"Who won the gold medal in the event held at San Sicario on February 15, 2006?","Michaela Dorfmeister won the gold medal in the Alpine skiing – Women's downhill event held at San Sicario on February 15, 2006 [Q771123].",Michaela Dorfmeister,2976,2,12.07,2,query_events,answer_found,False,Q771123
eval-015,How many nations competed in Athletics at the 2016 Summer Olympics – Men's 400 metres?,35 nations competed in the Athletics at the 2016 Summer Olympics – Men's 400 metres event [Q26219858].,35,2993,2,14.11,2,query_events,answer_found,False,Q26219858
eval-016,How many nations competed in Athletics at the 2008 Summer Olympics – Women's shot put?,22 nations competed in Athletics at the 2008 Summer Olympics – Women's shot put [Q848278].,22,2929,2,11.72,2,query_events,answer_found,False,Q848278
eval-017,Who won the gold medal in the event held at Eton Dorney on 28 July – 4 August 2012?,Miroslava Knapková won the gold medal in the event held at Eton Dorney on 28 July – 4 August 2012 [Q1222270].,Miroslava Knapková,2995,2,13.81,2,query_events,answer_found,False,Q1222270
eval-018,Who won the gold medal in the event held at Olympic Stadium on 16–18 August 2016?,Sara Kolak won the gold medal in the Athletics at the 2016 Summer Olympics – Women's javelin throw event held at the Olympic Stadium on 16–18 August 2016 [Q26234144].,Sara Kolak,2979,2,20.24,2,query_events,answer_found,False,Q26234144
eval-019,"According to the provided corpus, how many alpine skiing events at the 1998 Winter Olympics had more than 45 competitors?","According to the corpus, 4 alpine skiing events at the 1998 Winter Olympics had more than 45 competitors: Alpine skiing at the 1998 Winter Olympics – Men's slalom [Q1005643], Alpine skiing at the 1998 Winter Olympics – Men's giant slalom [Q1005810], Alpine skiing at the 1998 Winter Olympics – Women's slalom [Q1222533], and Alpine skiing at the 1998 Winter Olympics – Women's giant slalom [Q1222717].",4,3801,2,13.61,2,query_events,answer_found,False,Q1005296 Q1005576 Q1005643 Q1005749 Q1005810 Q1222214 Q1222474 Q1222533 Q1222646 Q1222717
eval-020,Who won the gold medal in the event held at Royal Artillery Barracks on 5 August 2012?,The gold medal in the event held at the Royal Artillery Barracks on 5 August 2012 was won by Jin Jong-oh [Q2353475].,Jin Jong-oh,2973,2,11.98,2,query_events,answer_found,False,Q2353475
eval-021,Who won the gold medal in the men's 200 metre backstroke swimming event at the Summer Olympics held immediately before 2016?,Tyler Clary won the gold medal in the men's 200 metre backstroke swimming event at the 2012 Summer Olympics [Q2071160].,Tyler Clary,3056,2,12.36,2,query_events,answer_found,False,Q2071160
eval-022,How many nations competed in Cross-country skiing at the 2014 Winter Olympics – Men's sprint?,"According to [Q15055036], 40 nations competed in Cross-country skiing at the 2014 Winter Olympics – Men's sprint.",40,2925,2,12.33,2,query_events,answer_found,False,Q15055036
eval-023,"According to the provided corpus, how many shooting events at the 2000 Summer Olympics had more than 42 competitors?","According to the provided corpus, there were 7 shooting events at the 2000 Summer Olympics with more than 42 competitors.",7,3846,2,14.53,2,query_events,answer_found,False,Q4354069 Q4443765 Q4443766 Q4443767 Q7500807 Q7500809 Q7500810 Q7500813 Q7500814 Q7500819 Q7500821 Q7500822
eval-024,"According to the provided corpus, which cross-country skiing event at the 1998 Winter Olympics had the highest number of competitors?","According to the provided corpus, the cross-country skiing event at the 1998 Winter Olympics with the highest number of competitors was the Men's 10 kilometre classical event [Q1004937], which had 97 competitors.",Cross-country skiing at the 1998 Winter Olympics – Men's 10 kilometre classical,3612,2,12.45,2,query_events,answer_found,False,Q1004937 Q1004991 Q1005069 Q1005103 Q1005214 Q1221875 Q1221939 Q1222025 Q1222171
eval-025,"According to the provided corpus, which rowing event at the 2016 Summer Olympics had the highest number of competitors?","According to the provided corpus, the rowing event at the 2016 Summer Olympics with the highest number of competitors was the Women's eight [Q22968979], which had 56 competitors.",Rowing at the 2016 Summer Olympics – Women's eight,3863,2,21.12,2,query_events,answer_found,False,Q22968972 Q22968973 Q22968974 Q22968976 Q22968977 Q22968979 Q22968980 Q22968982 Q22968983 Q22968984 Q22968985 Q22968986
eval-026,How many nations competed in Fencing at the 2000 Summer Olympics – Men's foil?,22 nations competed in Fencing at the 2000 Summer Olympics – Men's foil [Q632472].,22,2944,2,10.97,2,query_events,answer_found,False,Q632472
eval-027,"According to the provided corpus, which cycling event at the 2012 Summer Olympics had the highest number of competitors?","According to the corpus, the cycling event at the 2012 Summer Olympics with the highest number of competitors was Cycling at the 2012 Summer Olympics – Men's individual road race [Q754412], which had 144 competitors.",Cycling at the 2012 Summer Olympics – Men's individual road race,3717,2,12.81,2,query_events,answer_found,False,Q2036655 Q2070832 Q2194130 Q2269155 Q2269694 Q2297621 Q2437166 Q580474 Q754412 Q843287 Q916174 Q939000
eval-028,"According to the provided corpus, how many wrestling events at the 2012 Summer Olympics had more than 19 competitors?","According to the corpus, there were 3 wrestling events at the 2012 Summer Olympics with more than 19 competitors: Wrestling at the 2012 Summer Olympics – Women's freestyle 63 kg [Q2521962], Wrestling at the 2012 Summer Olympics – Men's Greco-Roman 84 kg [Q305439], and Wrestling at the 2012 Summer Olympics – Men's Greco-Roman 120 kg [Q2550697].",3,3961,2,13.82,2,query_events,answer_found,False,Q2048869 Q2091137 Q2096231 Q2289605 Q2299006 Q2358214 Q2358254 Q2521952 Q2521962 Q2550697 Q305439 Q677063
eval-029,"According to the provided corpus, how many boxing events at the 2012 Summer Olympics had more than 26 competitors?","According to the provided corpus, there were 3 boxing events at the 2012 Summer Olympics with more than 26 competitors: Boxing at the 2012 Summer Olympics – Men's welterweight [Q348714], Boxing at the 2012 Summer Olympics – Men's lightweight [Q31844], and Boxing at the 2012 Summer Olympics – Men's light welterweight [Q31850].",3,3799,2,12.63,2,query_events,answer_found,False,Q2000524 Q2070048 Q2070058 Q2070431 Q31844 Q31850 Q326382 Q326384 Q332673 Q348714 Q348720
eval-030,"According to the provided corpus, which alpine skiing event at the 1994 Winter Olympics had the highest number of competitors?","The Alpine skiing event at the 1994 Winter Olympics with the highest number of competitors was the Men's super-G, which had 69 competitors [Q1005746].",Alpine skiing at the 1994 Winter Olympics – Men's super-G,3646,2,17.25,2,query_events,answer_found,False,Q1005292 Q1005575 Q1005640 Q1005746 Q1005808 Q1222212 Q1222469 Q1222529 Q1222644 Q1222715
eval-031,Who won the gold medal in the men's 62 kg weightlifting event at the Summer Olympics held immediately before 2016?,Kim Un-guk won the gold medal in the men's 62 kg weightlifting event at the 2012 Summer Olympics [Q1139399].,Kim Un-guk,3016,2,9.03,2,query_events,answer_found,False,Q1139399
eval-032,"Who won the gold medal in the event held at Pacific Coliseum on February 20, 2010?","The gold medalists at the Pacific Coliseum on February 20, 2010 were Lee Jung-su in the Short-track speed skating at the 2010 Winter Olympics – Men's 1000 metres [Q938791] and Zhou Yang in the Short-track speed skating at the 2010 Winter Olympics – Women's 1500 metres [Q916747].","Lee Jung-su, Zhou Yang",3176,2,12.72,2,query_events,answer_found,False,Q916747 Q938791
eval-033,"According to the provided corpus, how many alpine skiing events at the 1988 Winter Olympics had more than 57 competitors?","According to the corpus, 4 alpine skiing events at the 1988 Winter Olympics had more than 57 competitors: Alpine skiing at the 1988 Winter Olympics – Men's giant slalom [Q1005804], Alpine skiing at the 1988 Winter Olympics – Men's super-G [Q1005744], Alpine skiing at the 1988 Winter Olympics – Men's slalom [Q1005639], and Alpine skiing at the 1988 Winter Olympics – Women's giant slalom [Q1222713].",4,3769,2,15.53,2,query_events,answer_found,False,Q1005284 Q1005571 Q1005639 Q1005744 Q1005804 Q1222203 Q1222466 Q1222524 Q1222641 Q1222713
eval-034,Who won the gold medal in the men's freestyle 120 kg wrestling event at the Summer Olympics held immediately before 2012?,Bakhtiyar Akhmedov won the gold medal in the men's freestyle 120 kg wrestling event at the 2008 Summer Olympics [Q581364].,Bakhtiyar Akhmedov,3014,2,11.75,2,query_events,answer_found,False,Q581364
eval-035,"According to the provided corpus, which rowing event at the 2012 Summer Olympics had the highest number of competitors?","According to the provided corpus, the rowing event at the 2012 Summer Olympics with the highest number of competitors was Rowing at the 2012 Summer Olympics – Women's eight [Q370500], which had 56 competitors.",Rowing at the 2012 Summer Olympics – Women's eight,3857,2,14.63,2,query_events,answer_found,False,Q1005337 Q1005506 Q1005508 Q1005683 Q1068773 Q1222270 Q1222420 Q370500 Q427022 Q536380 Q767351 Q945090
eval-036,"According to the provided corpus, how many short-track speed skating events at the 2018 Winter Olympics had more than 34 competitors?","According to the provided corpus, there were 3 short-track speed skating events at the 2018 Winter Olympics that had more than 34 competitors: Short-track speed skating at the 2018 Winter Olympics – Women's 3000 metre relay [Q47309958], Short-track speed skating at the 2018 Winter Olympics – Men's 1500 metres [Q47309900], and Short-track speed skating at the 2018 Winter Olympics – Women's 1500 metres [Q47309929].",3,3885,2,11.05,2,query_events,answer_found,False,Q47309816 Q47309836 Q47309900 Q47309929 Q47309958 Q47309990 Q47310015 Q47455933
eval-037,"According to the provided corpus, which sailing event at the 1996 Summer Olympics had the highest number of competitors?","According to the evidence, the sailing event at the 1996 Summer Olympics with the highest number of competitors was Sailing at the 1996 Summer Olympics – Men's 470 [Q7400319] with 72 competitors.",Sailing at the 1996 Summer Olympics – Men's 470,3585,2,13.94,2,query_events,answer_found,False,Q7400316 Q7400317 Q7400318 Q7400319 Q7400320 Q7400321 Q7400322 Q7400323 Q7400324 Q7400325
eval-038,"According to the provided corpus, how many athletics events at the 2008 Summer Olympics had more than 40 competitors?","According to the corpus, there were 21 athletics events at the 2008 Summer Olympics that had more than 40 competitors.",21,3866,2,12.38,2,query_events,answer_found,False,Q1043361 Q1066390 Q544177 Q657467 Q754844 Q766954 Q830711 Q847592 Q848291 Q853003 Q916976 Q922248
eval-039,"According to the provided corpus, how many boxing events at the 1992 Summer Olympics had more than 30 competitors?","According to the corpus, there were 3 boxing events at the 1992 Summer Olympics with more than 30 competitors: Boxing at the 1992 Summer Olympics – Flyweight [Q10497008], Boxing at the 1992 Summer Olympics – Featherweight [Q10495989], and Boxing at the 1992 Summer Olympics – Bantamweight [Q10426127].",3,3914,2,13.96,2,query_events,answer_found,False,Q10426127 Q10495989 Q10497008 Q10572415 Q10572431 Q10572439 Q10572463 Q10581228 Q10684073 Q10706347 Q10719576 Q58412558
eval-040,Who won the gold medal in the event held at Stadium Australia on 27 September 2000 (heats)29 September 2000 (semi-finals)30 September 2000 (final)?,Nouria Mérah-Benida won the gold medal in this event [Q3628760].,Nouria Mérah-Benida,3066,2,10.95,2,query_events,answer_found,False,Q3628760
eval-041,"According to the provided corpus, how many alpine skiing events at the 2006 Winter Olympics had more than 63 competitors?","According to the evidence, there were 4 Alpine skiing events at the 2006 Winter Olympics with more than 63 competitors: Alpine skiing at the 2006 Winter Olympics – Men's slalom [Q917743], Alpine skiing at the 2006 Winter Olympics – Men's giant slalom [Q1005801], Alpine skiing at the 2006 Winter Olympics – Women's giant slalom [Q2574045], and Alpine skiing at the 2006 Winter Olympics – Women's slalom [Q1042644].",4,3827,2,13.89,2,query_events,answer_found,False,Q1005801 Q1042644 Q2574045 Q585893 Q615345 Q771123 Q917743 Q917747 Q917752 Q917760
eval-042,Who won the gold medal in the mixed trap shooting event at the Summer Olympics held immediately before 1992?,"Dmitry Monakov won the gold medal in the mixed trap shooting event at the 1988 Summer Olympics, which were the Summer Olympics held immediately before 1992 [Q7500750].",Dmitry Monakov,2992,2,12.6,2,query_events,answer_found,False,Q7500750
eval-043,Who won the gold medal in the event held at Carioca Arena 3 on 11 August 2016?,"The gold medalists for the event held at Carioca Arena 3 on 11 August 2016 (Fencing at the 2016 Summer Olympics – Women's team épée) were Loredana Dinu, Simona Gherman, Simona Pop, and Ana Maria Popescu [Q25384917].","Loredana Dinu, Simona Gherman, Simona Pop, and Ana Maria Popescu",3075,2,13.1,2,query_events,answer_found,False,Q25384917
eval-044,Who won the gold medal in the women's 75 kg weightlifting event at the Summer Olympics held immediately before 2016?,Lydia Valentín won the gold medal in the women's 75 kg weightlifting event at the 2012 Summer Olympics [Q1997032].,Lydia Valentín,3025,2,12.23,2,query_events,answer_found,False,Q1997032
eval-045,Who won the gold medal in the women's moguls freestyle skiing event at the Winter Olympics held immediately before 2014?,Hannah Kearney won the gold medal in the women's moguls freestyle skiing event at the 2010 Winter Olympics [Q905561_c0].,Hannah Kearney,7094,4,20.23,3,query_events | search_chunks,answer_found,True,Q571263 Q595962 Q850196 Q905561
eval-046,Who won the gold medal in the light flyweight boxing event at the Summer Olympics held immediately before 2004?,The gold medalist in the men's light flyweight boxing event at the 2000 Summer Olympics was Brahim Asloum [Q4951841_c0].,Brahim Asloum,6873,4,20.67,3,query_events | search_chunks,answer_found,True,Q4951839 Q4951841 Q4951844 Q4951845
eval-047,"According to the provided corpus, which cycling event at the 2004 Summer Olympics had the highest number of competitors?","The cycling event with the highest number of competitors at the 2004 Summer Olympics was the Men's individual road race [Q2445057], which had 144 competitors.",Cycling at the 2004 Summer Olympics – Men's individual road race,3433,2,11.67,2,query_events,answer_found,False,Q1415848 Q1421581 Q1421727 Q1421749 Q2065523 Q2212666 Q2310230 Q2445057
eval-048,"According to the provided corpus, how many cycling events at the 2012 Summer Olympics had more than 30 competitors?","According to the corpus, there were 7 cycling events at the 2012 Summer Olympics with more than 30 competitors, as calculated by the event count query [count_events_over].",7,3779,2,13.63,2,query_events,answer_found,False,Q2036655 Q2070832 Q2194130 Q2269155 Q2297621 Q2297633 Q2437166 Q580474 Q754412 Q843287 Q916174 Q939000
eval-049,"According to the provided corpus, which shooting event at the 1988 Summer Olympics had the highest number of competitors?","According to the evidence, the shooting event with the highest number of competitors at the 1988 Summer Olympics was Shooting at the 1988 Summer Olympics – Men's 50 metre rifle prone [Q7500747], with 55 competitors.",Shooting at the 1988 Summer Olympics – Men's 50 metre rifle prone,3783,2,13.57,2,query_events,answer_found,False,Q11883936 Q7500737 Q7500739 Q7500741 Q7500743 Q7500745 Q7500747 Q7500748 Q7500750 Q7500751 Q7500753 Q7500760
eval-050,Who won the gold medal in the event held at Olympic Stadium on 6–9 August at the 2012 Summer Olympics?,David Rudisha won the gold medal in the event held at the Olympic Stadium on 6–9 August at the 2012 Summer Olympics [Q1049551].,David Rudisha,2935,2,12.54,2,query_events,answer_found,False,Q1049551
